{"entities":{"pages":{"GithubActions":{"id":"GithubActions","title":"GitHub Actions","url":"githubactions.html","level":0,"tabIndex":0},"GA_First-Action":{"id":"GA_First-Action","title":"First GitHub Action","url":"ga-first-action.html","level":0,"tabIndex":1},"GA_Second_Workflow":{"id":"GA_Second_Workflow","title":"GitHub Action Example Two","url":"ga-second-workflow.html","level":0,"tabIndex":2},"GA_Events":{"id":"GA_Events","title":"GitHub Events","url":"ga-events.html","level":0,"tabIndex":3},"GA_Job_Artifacts":{"id":"GA_Job_Artifacts","title":"Job Artifacts","url":"ga-job-artifacts.html","level":0,"tabIndex":4},"GA_Environment_Variables":{"id":"GA_Environment_Variables","title":"Environment Variables \u0026 Secrets","url":"ga-environment-variables.html","level":0,"tabIndex":5},"GA_Control_ Execution_FLow":{"id":"GA_Control_ Execution_FLow","title":"Control Execution Flow","url":"ga-control-execution-flow.html","level":0,"tabIndex":6},"GA_Custom_Actions":{"id":"GA_Custom_Actions","title":"Custom Actions","url":"ga-custom-actions.html","level":0,"tabIndex":7}}},"topLevelIds":["GithubActions","GA_First-Action","GA_Second_Workflow","GA_Events","GA_Job_Artifacts","GA_Environment_Variables","GA_Control_ Execution_FLow","GA_Custom_Actions"]}